Travel Offer ID,Legs Number,Profile,Starting point,Destination,Via,Departure time,Arrival time,Services,Transfers,Transfer duration,Walking distance to stop,Walking speed,Cycling distance to stop,Cycling speed,Driving speed,Quick,Reliable,Cheap,Comfortable,Door-to-door,Environmentally friendly,Short,Multitasking,Social,Panoramic,Healthy,LegMode,LegCarrier,LegSeat,LegLength
202105120008070,9,Business,Dublin,Milan,"['Brugge', 'Barcelona', 'Krumlov', 'Crok', 'Paris', 'Frankfurt', 'Lisbon', 'Milan']",2022-10-20 21:49,2022-11-02 08:53,"['Local type', 'Water transport', 'Telecabin']",Max 4,normal,1500m,Slow,18500m,Fast,Fast,0.405,0.0478,0.3321,0.247,0.7972,0.2475,0.7413,0.8199,0.1752,0.259,0.6147,"['Tram', 'Ship', 'Urban', 'Urban', 'Bike Sharing', 'Funicular', 'Other', 'Metro', 'Tram']","['SNFC', 'KLM', 'Trenitalia', 'TMB', 'FlixBus', 'Iberia', 'SNFC', 'RegioJet', 'KLM']","['Large', 'Aisle', 'Large', 'Large', 'Aisle', 'Aisle', 'Window', 'Window', 'Aisle']","[23, 80, 75, 32, 15, 71, 68, 31, 74]"
202105120008071,7,Business,Dublin,Milan,"['Barcelona', 'Porto', 'Madrid', 'London', 'Lisbon', 'Paris']",2022-10-20 21:49,2022-11-02 08:53,"['Local type', 'Water transport', 'Telecabin']",Max 1,At least 40 min,4000m,Slow,7500m,Fast,Fast,0.0338,0.4416,0.8759,0.1542,0.3317,0.7466,0.6865,0.8197,0.7184,0.614,0.0246,"['Park', 'Bus', 'Bus', 'Tram', 'Trolely Bus', 'Toll', 'Bus']","['FlixBus', 'AirFrance', 'TMB', 'SNFC', 'Renfe', 'RegioJet', 'AirFrance']","['Window', 'Window', 'Large', 'Window', 'Aisle', 'Window', 'Large']","[18, 82, 28, 68, 98, 28, 98]"
202105120008072,8,Business,Dublin,Milan,"['Bruxelle', 'Frankfurt', 'Lisbon', 'Madrid', 'Berlin', 'Rome', 'Praha']",2022-10-20 21:49,2022-11-02 08:53,"['Local type', 'Water transport', 'Telecabin']",Max 1,At least 25 min,2500m,Slow,8000m,Fast,Fast,0.4505,0.7267,0.5334,0.5116,0.4094,0.3861,0.5609,0.9313,0.6508,0.2733,0.2392,"['Other', 'Coach', 'Bus', 'Car Sharing', 'Trolely Bus', 'Cable Way', 'Coach', 'Toll']","['RegioJet', 'KLM', 'FlixBus', 'SNFC', 'Trenitalia', 'RegioJet', 'Renfe', 'Trenitalia']","['Aisle', 'Large', 'Aisle', 'Window', 'Aisle', 'Large', 'Aisle', 'Window']","[70, 19, 93, 60, 45, 10, 94, 99]"
202105120008073,10,Business,Dublin,Milan,"['Paris', 'Lisbon', 'Warsaw', 'Milan', 'Barcelona', 'London', 'Berlin', 'Bruxelle', 'Crok']",2022-10-20 21:49,2022-11-02 08:53,"['Local type', 'Water transport', 'Telecabin']",Max 1,At least 45 min,2500m,Slow,2500m,Fast,Fast,0.3532,0.1142,0.8584,0.5455,0.7205,0.7847,0.9739,0.2874,0.6791,0.8181,0.8343,"['Bus', 'Park', 'Bus', 'Cable Way', 'Taxi', 'Toll', 'Airline', 'Funicular', 'Cable Way', 'Urban']","['KLM', 'VBB', 'AirFrance', 'FlixBus', 'VBB', 'FlixBus', 'Trenitalia', 'RegioJet', 'Trenitalia', 'Trenitalia']","['Window', 'Window', 'Window', 'Window', 'Aisle', 'Aisle', 'Window', 'Large', 'Aisle', 'Aisle']","[14, 17, 81, 29, 88, 65, 12, 33, 39, 78]"
202105120008074,10,Business,Dublin,Milan,"['Brugge', 'Warsaw', 'Rome', 'Krumlov', 'Paris', 'Dublin', 'Porto', 'London', 'Praha']",2022-10-20 21:49,2022-11-02 08:53,"['Local type', 'Water transport', 'Telecabin']",Max 2,At least 10 min,2500m,Slow,13000m,Fast,Fast,0.8699,0.914,0.3259,0.9952,0.7663,0.0497,0.2184,0.3211,0.0729,0.4963,0.3085,"['Intercity', 'Other', 'Metro', 'Cable Way', 'Car Sharing', 'Car Sharing', 'Coach', 'Airline', 'Car Sharing', 'Park']","['KLM', 'TMB', 'AirFrance', 'AirFrance', 'SNFC', 'AirFrance', 'FlixBus', 'Renfe', 'Trenitalia', 'Iberia']","['Large', 'Window', 'Large', 'Large', 'Large', 'Aisle', 'Large', 'Window', 'Window', 'Aisle']","[32, 40, 72, 39, 78, 70, 23, 13, 34, 41]"
202105120008075,3,Business,Dublin,Milan,"['London', 'Crok']",2022-10-20 21:49,2022-11-02 08:53,"['Local type', 'Water transport', 'Telecabin']",Max 1,At least 20 min,4000m,Slow,11500m,Fast,Fast,0.9489,0.3624,0.9649,0.6134,0.6504,0.9256,0.4543,0.7481,0.4869,0.4504,0.033,"['Trolely Bus', 'Taxi', 'Airline']","['Renfe', 'TMB', 'Renfe']","['Window', 'Large', 'Aisle']","[49, 15, 55]"
202105120008076,3,Business,Dublin,Milan,"['Rome', 'Crok']",2022-10-20 21:49,2022-11-02 08:53,"['Local type', 'Water transport', 'Telecabin']",Max 4,At least 20 min,3000m,Slow,14500m,Fast,Fast,0.644,0.9192,0.6762,0.9556,0.6784,0.6917,0.6154,0.7181,0.4582,0.8419,0.8703,"['Urban', 'Ship', 'Car Sharing']","['AirFrance', 'TMB', 'Iberia']","['Window', 'Large', 'Aisle']","[95, 52, 10]"
202105120008077,1,Business,Dublin,Milan,[],2022-10-20 21:49,2022-11-02 08:53,"['Local type', 'Water transport', 'Telecabin']",Max 4,At least 40 min,4500m,Slow,2000m,Fast,Fast,0.5583,0.5392,0.8415,0.1602,0.2023,0.268,0.7926,0.8333,0.8864,0.7439,0.512,['Funicular'],['TMB'],['Window'],[62]
202105120008078,2,Business,Dublin,Milan,['Madrid'],2022-10-20 21:49,2022-11-02 08:53,"['Local type', 'Water transport', 'Telecabin']",Unlimited,At least 35 min,3500m,Slow,18500m,Fast,Fast,0.9218,0.7887,0.917,0.4817,0.7709,0.9216,0.0121,0.6975,0.547,0.2685,0.2586,"['Toll', 'Ship']","['FlixBus', 'AirFrance']","['Large', 'Large']","[44, 66]"
202105120008079,6,Business,Dublin,Milan,"['London', 'Paris', 'Lisbon', 'Crok', 'Madrid']",2022-10-20 21:49,2022-11-02 08:53,"['Local type', 'Water transport', 'Telecabin']",Unlimited,At least 45 min,3000m,Slow,14500m,Fast,Fast,0.0946,0.4081,0.6152,0.506,0.8601,0.982,0.2973,0.4704,0.5808,0.3209,0.2042,"['Bus', 'Taxi', 'Funicular', 'Trolely Bus', 'Metro', 'Other']","['KLM', 'TMB', 'SNFC', 'FlixBus', 'VBB', 'RegioJet']","['Window', 'Window', 'Large', 'Large', 'Window', 'Large']","[62, 35, 13, 25, 46, 74]"
2021051200080710,3,Business,Dublin,Milan,"['Crok', 'Krumlov']",2022-10-20 21:49,2022-11-02 08:53,"['Local type', 'Water transport', 'Telecabin']",Max 2,At least 10 min,4000m,Slow,11500m,Fast,Fast,0.9717,0.834,0.8693,0.4801,0.8717,0.2925,0.6777,0.7355,0.1843,0.8366,0.8969,"['Bus', 'Coach', 'Car Sharing']","['RegioJet', 'FlixBus', 'SNFC']","['Large', 'Large', 'Large']","[82, 95, 24]"
2021051200080711,9,Business,Dublin,Milan,"['Frankfurt', 'Krumlov', 'Lisbon', 'Porto', 'Brugge', 'Barcelona', 'Crok', 'Milan']",2022-10-20 21:49,2022-11-02 08:53,"['Local type', 'Water transport', 'Telecabin']",Max 1,At least 25 min,3000m,Slow,12500m,Fast,Fast,0.1131,0.3446,0.1575,0.7664,0.7196,0.9526,0.4204,0.241,0.4853,0.4311,0.5141,"['Tram', 'Urban', 'Ship', 'Intercity', 'Taxi', 'Ship', 'Taxi', 'Ship', 'Park']","['KLM', 'FlixBus', 'SNFC', 'AirFrance', 'KLM', 'FlixBus', 'VBB', 'VBB', 'FlixBus']","['Aisle', 'Aisle', 'Window', 'Large', 'Aisle', 'Window', 'Window', 'Aisle', 'Aisle']","[92, 11, 47, 52, 24, 35, 53, 24, 44]"
2021051200080712,8,Business,Dublin,Milan,"['Krumlov', 'Crok', 'Oxford', 'Berlin', 'Kraków', 'Dublin', 'Lisbon']",2022-10-20 21:49,2022-11-02 08:53,"['Local type', 'Water transport', 'Telecabin']",Max 2,At least 30 min,3500m,Slow,14500m,Fast,Fast,0.6424,0.8732,0.1241,0.8031,0.7902,0.6571,0.1697,0.1869,0.126,0.2735,0.8241,"['Urban', 'Other', 'Metro', 'Train', 'Metro', 'Intercity', 'Cable Way', 'Trolely Bus']","['RegioJet', 'AirFrance', 'SNFC', 'RegioJet', 'VBB', 'SNFC', 'Iberia', 'AirFrance']","['Large', 'Window', 'Aisle', 'Window', 'Large', 'Window', 'Aisle', 'Aisle']","[64, 25, 28, 48, 80, 74, 82, 83]"
2021051200080713,9,Business,Dublin,Milan,"['Frankfurt', 'Bruxelle', 'Dublin', 'Oxford', 'Lisbon', 'Kraków', 'Krumlov', 'Rome']",2022-10-20 21:49,2022-11-02 08:53,"['Local type', 'Water transport', 'Telecabin']",Max 3,normal,1500m,Slow,5500m,Fast,Fast,0.4344,0.9947,0.3819,0.2315,0.3932,0.4616,0.3209,0.3841,0.27,0.7739,0.8853,"['Car Sharing', 'Train', 'Urban', 'Urban', 'Train', 'Toll', 'Bus', 'Taxi', 'Metro']","['KLM', 'AirFrance', 'Renfe', 'VBB', 'KLM', 'SNFC', 'FlixBus', 'Iberia', 'RegioJet']","['Aisle', 'Aisle', 'Aisle', 'Large', 'Large', 'Aisle', 'Aisle', 'Aisle', 'Large']","[49, 85, 27, 99, 11, 94, 13, 55, 31]"
2021051200080714,9,Business,Dublin,Milan,"['Lisbon', 'Milan', 'Krumlov', 'London', 'Berlin', 'Paris', 'Nice', 'Madrid']",2022-10-20 21:49,2022-11-02 08:53,"['Local type', 'Water transport', 'Telecabin']",Unlimited,At least 25 min,2000m,Slow,7000m,Fast,Fast,0.8284,0.6307,0.0566,0.7238,0.9554,0.6563,0.442,0.9453,0.3092,0.4963,0.5175,"['Car Sharing', 'Intercity', 'Airline', 'Coach', 'Park', 'Ship', 'Bus', 'Other', 'Funicular']","['Renfe', 'KLM', 'TMB', 'Renfe', 'Trenitalia', 'FlixBus', 'FlixBus', 'TMB', 'TMB']","['Window', 'Window', 'Window', 'Large', 'Large', 'Large', 'Large', 'Large', 'Large']","[66, 47, 86, 95, 33, 37, 51, 32, 26]"
2021051200080715,2,Business,Dublin,Milan,['Crok'],2022-10-20 21:49,2022-11-02 08:53,"['Local type', 'Water transport', 'Telecabin']",Max 3,At least 10 min,2000m,Slow,8000m,Fast,Fast,0.9449,0.316,0.373,0.1931,0.0758,0.452,0.3335,0.6316,0.0188,0.0871,0.0001,"['Taxi', 'Airline']","['Renfe', 'KLM']","['Large', 'Large']","[24, 72]"
2021051200080716,3,Business,Dublin,Milan,"['Barcelona', 'Lisbon']",2022-10-20 21:49,2022-11-02 08:53,"['Local type', 'Water transport', 'Telecabin']",Unlimited,At least 35 min,2000m,Slow,8000m,Fast,Fast,0.344,0.5231,0.7556,0.8878,0.9406,0.3972,0.6232,0.7628,0.9249,0.0107,0.3066,"['Metro', 'Taxi', 'Trolely Bus']","['Trenitalia', 'TMB', 'SNFC']","['Aisle', 'Aisle', 'Window']","[26, 67, 34]"
2021051200080717,9,Business,Dublin,Milan,"['Barcelona', 'Nice', 'Madrid', 'Oxford', 'Kraków', 'Paris', 'Dublin', 'Bruxelle']",2022-10-20 21:49,2022-11-02 08:53,"['Local type', 'Water transport', 'Telecabin']",None,At least 30 min,1000m,Slow,12500m,Fast,Fast,0.6534,0.3266,0.2503,0.5662,0.3098,0.4105,0.3249,0.8462,0.8035,0.7129,0.4503,"['Funicular', 'Other', 'Bus', 'Ship', 'Funicular', 'Cable Way', 'Toll', 'Taxi', 'Intercity']","['FlixBus', 'Iberia', 'KLM', 'AirFrance', 'VBB', 'TMB', 'VBB', 'Trenitalia', 'Renfe']","['Aisle', 'Window', 'Aisle', 'Aisle', 'Window', 'Large', 'Window', 'Aisle', 'Window']","[33, 89, 81, 82, 30, 37, 43, 12, 62]"
2021051200080718,10,Business,Dublin,Milan,"['Warsaw', 'Rome', 'Kraków', 'Madrid', 'Bruxelle', 'Berlin', 'Oxford', 'Frankfurt', 'Brugge']",2022-10-20 21:49,2022-11-02 08:53,"['Local type', 'Water transport', 'Telecabin']",Max 3,At least 15 min,2500m,Slow,19000m,Fast,Fast,0.1641,0.977,0.0007,0.6082,0.2932,0.2004,0.6149,0.275,0.0199,0.1504,0.4535,"['Funicular', 'Bike Sharing', 'Tram', 'Ship', 'Bike Sharing', 'Ship', 'Bike Sharing', 'Train', 'Tram', 'Airline']","['Renfe', 'FlixBus', 'AirFrance', 'TMB', 'Iberia', 'RegioJet', 'Renfe', 'Renfe', 'RegioJet', 'TMB']","['Window', 'Aisle', 'Large', 'Large', 'Window', 'Aisle', 'Window', 'Aisle', 'Window', 'Large']","[65, 11, 65, 72, 67, 84, 94, 15, 59, 78]"
2021051200080719,4,Business,Dublin,Milan,"['Rome', 'Crok', 'Paris']",2022-10-20 21:49,2022-11-02 08:53,"['Local type', 'Water transport', 'Telecabin']",Max 4,At least 45 min,3500m,Slow,7000m,Fast,Fast,0.0337,0.6628,0.1623,0.8763,0.5619,0.0235,0.7543,0.3171,0.313,0.7064,0.0738,"['Car Sharing', 'Bus', 'Taxi', 'Bike Sharing']","['VBB', 'Trenitalia', 'KLM', 'AirFrance']","['Aisle', 'Aisle', 'Aisle', 'Large']","[11, 24, 86, 98]"
